Login;;Password
amydavis;;tmXIinns2K
jjackson;;J7p07vAvJM
karnold;;2BEJHVnTrN
kjohnson;;ajJ8L8NjDo
nancymartin;;QW8EkKp5z2
mosesmelanie;;2ZkC4xuzIS
christinahuber;;7uCKs4aW4w
vanessablackburn;;pcB6IFav2B
carolinedunn;;rL9aWbDH08
ogordon;;VBhOd5KtEy
holly83;;GY2ySRlcpD
crystal51;;34uNbfcQy0
gouldtyler;;v8eMzefglG
dawn47;;0DxVDcPvyr
wwalls;;h3Aag66Mz2
amanda99;;G5EAq5yf4A
jeffrey77;;K3mbZqVlOq
castillomichael;;8HfrXJc3Mu
johnsonrhonda;;j3oGVQm9w9
ymichael;;lTHLIljkE5
emolina;;Tz5AUm7nZT
elizabethosborn;;HXCUSpxS4V
matthew96;;EDE04Exp1E
irwinelizabeth;;L4mDf2wvnr
georgeteresa;;60LWR6hP9l
bthompson;;W7sTpaI27o
jonesmichelle;;aFVHepek5K
elizabeth06;;ipZ8Vk4eAY
mary76;;5bEFNzgd8I
zmaldonado;;9OVK0GjKPS
mannsamantha;;8Lmj8cnX1D
stephen47;;vrL6hURx6P
david22;;RiQiKvFo0C
davidanderson;;AI5ARBHmla
gonzalezmichael;;f3LDHXp6eQ
fmcgee;;7VGlnVcmpS
fzimmerman;;2J4VW8Eo5X
rjones;;x4NS80Nf2C
qmitchell;;ZIehPCZkN6
jeremycarey;;JZRSoIKtY5
nelsonmitchell;;7Lxx0qNdfV
anthony21;;XLdICFx53K
nicholas46;;9k9HlQsR3n
john38;;0nXJupekOp
gfisher;;s9FfVIhmpk
barbara96;;7FxCoochCl
bgray;;qBkBRUmpy9
murphykenneth;;IATQWExz2m
higginsautumn;;4007DKcoSk
michelledavenport;;i1YoAktK9s
